<?xml version="1.0" encoding="UTF-8"?>
<project-private xmlns="http://www.netbeans.org/ns/project-private/1">
    <editor-bookmarks xmlns="http://www.netbeans.org/ns/editor-bookmarks/2" lastBookmarkId="0"/>
    <open-files xmlns="http://www.netbeans.org/ns/projectui-open-files/2">
        <group>
            <file>file:/D:/Workspace/Netbeans/JavaWebPractice/JavaWebPractice/SessionCookieDemo/web/index.jsp</file>
            <file>file:/D:/Workspace/Netbeans/JavaWebPractice/JavaWebPractice/SessionCookieDemo/web/error_java.jsp</file>
            <file>file:/D:/Workspace/Netbeans/JavaWebPractice/JavaWebPractice/SessionCookieDemo/web/error_404.jsp</file>
            <file>file:/D:/Workspace/Netbeans/JavaWebPractice/JavaWebPractice/SessionCookieDemo/src/java/email/AddToEmailListServlet.java</file>
            <file>file:/D:/Workspace/Netbeans/JavaWebPractice/JavaWebPractice/SessionCookieDemo/web/footer.jsp</file>
        </group>
    </open-files>
</project-private>
